SET FOREIGN_KEY_CHECKS = 0;
 
 insert into Stanza(CodStanza,Nome,Altezza,Lunghezza,Larghezza,Piano)
   values (1,'Camera',225,125.6,200.9,1),
        (2,'Camera',195.5,177,198.66,1),
        (3,'Bagno',225,195.6,250.9,1),
        (4,'Bagno',225,175.6,200.9,2),
        (5,'Cucina',225,125.6,200.9,1),
        (6,'Sala',275,125.6,266.9,2),
        (7,'Corridoio',225,300.6,204.9,2);

insert into Dispositivo (CodiceDispositivo, Nome, TipoConsumo, Ubicazione)
values  (1,'Televisore','Fisso',2),
		(2,'Televisore','Fisso',6),
        (3,'Televisore','Fisso',8),
        (4,'Lavatrice','Ciclo',4),
        (5,'Asciugatrice','Ciclo',4),
        (6,'Micronde','Variabile',6),
        (7,'Forno','Ciclo',6),
        (8,'Computer','Fisso',3),
        (9,'Computer','Fisso',6),
        (10,'Aspirapolvere','Variabile',4),
        (11,'Aspirapolvere','Variabile',4),
        (12,'Caldaia','Variabile',5),
        (13,'Bollitore','Fisso',6),
        (14,'Stereo','Fisso',8);
        
insert into SmartPlug (CodiceSmartPlug, Dispositivo)
values (1,1),
	   (2,2),
       (3,3),
       (4,4),
       (5,5),
       (6,6),
       (7,7),
       (8,8),
       (9,9),
       (10,10),
       (11,11),
       (12,12),
       (13,13),
       (14,14);
insert into Programma (CodProgramma,Durata,LivelloConsumoEnergetico,Dispositivo)
values (1,'03:00:00',2,4),
	   (2,'01:30:00',1,4),
       (3,'02:30:00',3,5),
       (4,'01:30:00',1,5),
       (5,'00:30:00',1,4),
       (6,'01:30:00',3,7),
       (7,'02:45:00',1,7),
       (8,'00:50:00',3,7),
       (9,'02:45:00',2,4),
       (10,'01:15:00',3,4);
       


insert into FasciaOraria(CodFascia,Nome,OraInizio,OraFine,PrezzoAcquistoPerH,PrezzoVenditaPerH)
values(1,'F1','00:00:00','09:00:00',15.50,10.00),
	  (2,'F2','09:00:01','15:00:00',25.50,20.00),
      (3,'F3','15:00:01','21:00:00',28.00,25.00),
      (4,'F4','21:00:01','23:59:59',20.00,19.00);
      

    
    insert into Suggerimento(CodSuggerimento, Dispositivo, Risposta, Testo, DataRegistro, Fascia)
    values (1,12,0,'Accendi','2022-03-12',1),(2,3,0,'Accendi','2022-03-10',3),
		(3,1,0,'Avvialo con il programma','2022-02-28',1),(4,11,0,'Accendi','2022-03-12',1),
        (5,7,1,'Accendi','2022-02-22',4),(6,12,0,'Avvialo con il programma','2022-02-26',2),
        (7,12,0,'Avvialo con il programma','2022-03-07',1),(8,13,0,'Accendi','2022-03-12',1),
        (9,4,1,'Accendi','2022-03-04',1),(10,12,0,'Accendi','2022-03-12',4);
    
		
	
	
insert into Sorgente(Timestamp, Produzione)
values 
    
    ('2022-03-01 09:00:00',500),('2022-03-01 09:15:00',500),
	('2022-03-01 09:30:00',500),('2022-03-01 09:45:00',500),
    ('2022-03-01 10:00:00',550),('2022-03-01 10:15:00',550),
    ('2022-03-01 10:30:00',550),('2022-03-01 10:45:00',550),
    ('2022-03-01 11:00:00',600),('2022-03-01 11:15:00',600),
	('2022-03-01 11:30:00',650),('2022-03-01 11:45:00',650),
    ('2022-03-01 12:00:00',700),('2022-03-01 12:15:00',700),
    ('2022-03-01 12:30:00',720),('2022-03-01 12:45:00',720),
    ('2022-03-01 13:00:00',800),('2022-03-01 13:15:00',800),
	('2022-03-01 13:30:00',800),('2022-03-01 13:45:00',750),
    ('2022-03-01 14:00:00',700),('2022-03-01 14:15:00',700),
    ('2022-03-01 14:30:00',600),('2022-03-01 14:45:00',650),
    ('2022-03-01 15:00:00',550),('2022-03-01 15:15:00',550),
	('2022-03-01 15:30:00',500),('2022-03-01 15:45:00',500),
    ('2022-03-01 16:00:00',500),('2022-03-01 16:15:00',450),
    ('2022-03-01 16:30:00',450),('2022-03-01 16:45:00',450),
    ('2022-03-01 17:00:00',400),('2022-03-01 17:15:00',400),
    ('2022-03-01 17:30:00',300),('2022-03-01 17:45:00',300),
    ('2022-03-01 18:00:00',250),('2022-03-01 18:15:00',250),
    
    ('2022-03-02 09:00:00',500),('2022-03-02 09:15:00',500),
	('2022-03-02 09:30:00',500),('2022-03-02 09:45:00',500),
    ('2022-03-02 10:00:00',550),('2022-03-02 10:15:00',550),
    ('2022-03-02 10:30:00',550),('2022-03-02 10:45:00',550),
    ('2022-03-02 11:00:00',600),('2022-03-02 11:15:00',600),
	('2022-03-02 11:30:00',650),('2022-03-02 11:45:00',650),
    ('2022-03-02 12:00:00',700),('2022-03-02 12:15:00',700),
    ('2022-03-02 12:30:00',720),('2022-03-02 12:45:00',720),
    ('2022-03-02 13:00:00',800),('2022-03-02 13:15:00',800),
	('2022-03-02 13:30:00',800),('2022-03-02 13:45:00',750),
    ('2022-03-02 14:00:00',700),('2022-03-02 14:15:00',700),
    ('2022-03-02 14:30:00',600),('2022-03-02 14:45:00',650),
    ('2022-03-02 15:00:00',550),('2022-03-02 15:15:00',550),
	('2022-03-02 15:30:00',500),('2022-03-02 15:45:00',500),
    ('2022-03-02 16:00:00',500),('2022-03-02 16:15:00',450),
    ('2022-03-02 16:30:00',450),('2022-03-02 16:45:00',450),
    ('2022-03-02 17:00:00',400),('2022-03-02 17:15:00',400),
    ('2022-03-02 17:30:00',300),('2022-03-02 17:45:00',300),
    ('2022-03-02 18:00:00',250),('2022-03-02 18:15:00',250),
    
    ('2022-03-03 09:00:00',500),('2022-03-13 09:15:00',500),
	('2022-03-03 09:30:00',500),('2022-03-13 09:45:00',500),
    ('2022-03-03 10:00:00',550),('2022-03-13 10:15:00',550),
    ('2022-03-03 10:30:00',550),('2022-03-13 10:45:00',550),
    ('2022-03-03 11:00:00',600),('2022-03-13 11:15:00',600),
	('2022-03-03 11:30:00',650),('2022-03-13 11:45:00',650),
    ('2022-03-03 12:00:00',700),('2022-03-13 12:15:00',700),
    ('2022-03-13 12:30:00',720),('2022-03-13 12:45:00',720),
    ('2022-03-13 13:00:00',800),('2022-03-13 13:15:00',800),
	('2022-03-13 13:30:00',800),('2022-03-13 13:45:00',750),
    ('2022-03-13 14:00:00',700),('2022-03-13 14:15:00',700),
    ('2022-03-13 14:30:00',600),('2022-03-13 14:45:00',650),
    ('2022-03-13 15:00:00',550),('2022-03-13 15:15:00',550),
	('2022-03-13 15:30:00',500),('2022-03-13 15:45:00',500),
    ('2022-03-13 16:00:00',500),('2022-03-13 16:15:00',450),
    ('2022-03-13 16:30:00',450),('2022-03-13 16:45:00',450),
    ('2022-03-13 17:00:00',400),('2022-03-13 17:15:00',400),
    ('2022-03-13 17:30:00',300),('2022-03-13 17:45:00',300),
    ('2022-03-13 18:00:00',250),('2022-03-13 18:15:00',250),
    
    ('2022-03-14 09:00:00',500),('2022-03-14 09:15:00',500),
	('2022-03-14 09:30:00',500),('2022-03-14 09:45:00',500),
    ('2022-03-14 10:00:00',550),('2022-03-14 10:15:00',550),
    ('2022-03-14 10:30:00',550),('2022-03-14 10:45:00',550),
    ('2022-03-14 11:00:00',600),('2022-03-14 11:15:00',600),
	('2022-03-14 11:30:00',650),('2022-03-14 11:45:00',650),
    ('2022-03-14 12:00:00',700),('2022-03-14 12:15:00',700),
    ('2022-03-14 12:30:00',720),('2022-03-14 12:45:00',720),
    ('2022-03-14 13:00:00',800),('2022-03-14 13:15:00',800),
	('2022-03-14 13:30:00',800),('2022-03-14 13:45:00',750),
    ('2022-03-14 14:00:00',700),('2022-03-14 14:15:00',700),
    ('2022-03-14 14:30:00',600),('2022-03-14 14:45:00',650),
    ('2022-03-14 15:00:00',550),('2022-03-14 15:15:00',550),
	('2022-03-14 15:30:00',500),('2022-03-14 15:45:00',500),
    ('2022-03-14 16:00:00',500),('2022-03-14 16:15:00',450),
    ('2022-03-14 16:30:00',450),('2022-03-14 16:45:00',450),
    ('2022-03-14 17:00:00',400),('2022-03-14 17:15:00',400),
    ('2022-03-14 17:30:00',300),('2022-03-14 17:45:00',300),
    ('2022-03-14 18:00:00',250),('2022-03-14 18:15:00',250),



	('2022-03-15 09:00:00',500),('2022-03-15 09:15:00',500),
	('2022-03-15 09:30:00',500),('2022-03-15 09:45:00',500),
    ('2022-03-15 10:00:00',550),('2022-03-15 10:15:00',550),
    ('2022-03-15 10:30:00',550),('2022-03-15 10:45:00',550),
    ('2022-03-15 11:00:00',600),('2022-03-15 11:15:00',600),
	('2022-03-15 11:30:00',650),('2022-03-15 11:45:00',650),
    ('2022-03-15 12:00:00',700),('2022-03-15 12:15:00',700),
    ('2022-03-15 12:30:00',720),('2022-03-15 12:45:00',720),
    ('2022-03-15 13:00:00',800),('2022-03-15 13:15:00',800),
	('2022-03-15 13:30:00',800),('2022-03-15 13:45:00',750),
    ('2022-03-15 14:00:00',700),('2022-03-15 14:15:00',700),
    ('2022-03-15 14:30:00',600),('2022-03-15 14:45:00',650),
    ('2022-03-15 15:00:00',550),('2022-03-15 15:15:00',550),
	('2022-03-15 15:30:00',500),('2022-03-15 15:45:00',500),
    ('2022-03-15 16:00:00',500),('2022-03-15 16:15:00',450),
    ('2022-03-15 16:30:00',450),('2022-03-15 16:45:00',450),
    ('2022-03-15 17:00:00',400),('2022-03-15 17:15:00',400),
    ('2022-03-15 17:30:00',300),('2022-03-15 17:45:00',300),
    ('2022-03-15 18:00:00',250),('2022-03-15 18:15:00',250),
    
	('2022-03-16 09:00:00',500),('2022-03-16 09:15:00',500),
	('2022-03-16 09:30:00',500),('2022-03-16 09:45:00',500),
    ('2022-03-16 10:00:00',550),('2022-03-16 10:15:00',550),
    ('2022-03-16 10:30:00',550),('2022-03-16 10:45:00',550),
    ('2022-03-16 11:00:00',600),('2022-03-16 11:15:00',600),
	('2022-03-16 11:30:00',650),('2022-03-16 11:45:00',650),
    ('2022-03-16 12:00:00',700),('2022-03-16 12:15:00',700),
    ('2022-03-16 12:30:00',720),('2022-03-16 12:45:00',720),
    ('2022-03-16 13:00:00',800),('2022-03-16 13:15:00',800),
	('2022-03-16 13:30:00',800),('2022-03-16 13:45:00',750),
    ('2022-03-16 14:00:00',700),('2022-03-16 14:15:00',700),
    ('2022-03-16 14:30:00',600),('2022-03-16 14:45:00',650),
    ('2022-03-16 15:00:00',550),('2022-03-16 15:15:00',550),
	('2022-03-16 15:30:00',500),('2022-03-16 15:45:00',500),
    ('2022-03-16 16:00:00',500),('2022-03-16 16:15:00',450),
    ('2022-03-16 16:30:00',450),('2022-03-16 16:45:00',450),
    ('2022-03-16 17:00:00',400),('2022-03-16 17:15:00',400),
    ('2022-03-16 17:30:00',300),('2022-03-16 17:45:00',300),
    ('2022-03-16 18:00:00',250),('2022-03-16 18:15:00',250),
    
    ('2022-03-17 09:00:00',500),('2022-03-17 09:15:00',500),
	('2022-03-17 09:30:00',500),('2022-03-17 09:45:00',500),
    ('2022-03-17 10:00:00',550),('2022-03-17 10:15:00',550),
    ('2022-03-17 10:30:00',550),('2022-03-17 10:45:00',550),
    ('2022-03-17 11:00:00',600),('2022-03-17 11:15:00',600),
	('2022-03-17 11:30:00',650),('2022-03-17 11:45:00',650),
    ('2022-03-17 12:00:00',700),('2022-03-17 12:15:00',700),
    ('2022-03-17 12:30:00',720),('2022-03-17 12:45:00',720),
    ('2022-03-17 13:00:00',800),('2022-03-17 13:15:00',800),
	('2022-03-17 13:30:00',800),('2022-03-17 13:45:00',750),
    ('2022-03-17 14:00:00',700),('2022-03-17 14:15:00',700),
    ('2022-03-17 14:30:00',600),('2022-03-17 14:45:00',650),
    ('2022-03-17 15:00:00',550),('2022-03-17 15:15:00',550),
	('2022-03-17 15:30:00',500),('2022-03-17 15:45:00',500),
    ('2022-03-17 16:00:00',500),('2022-03-17 16:15:00',450),
    ('2022-03-17 16:30:00',450),('2022-03-17 16:45:00',450),
    ('2022-03-17 17:00:00',400),('2022-03-17 17:15:00',400),
    ('2022-03-17 17:30:00',300),('2022-03-17 17:45:00',300),
    ('2022-03-17 18:00:00',250),('2022-03-17 18:15:00',250),
    
    ('2022-03-18 09:00:00',500),('2022-03-18 09:15:00',500),
	('2022-03-18 09:30:00',500),('2022-03-18 09:45:00',500),
    ('2022-03-18 10:00:00',550),('2022-03-18 10:15:00',550),
    ('2022-03-18 10:30:00',550),('2022-03-18 10:45:00',550),
    ('2022-03-18 11:00:00',600),('2022-03-18 11:15:00',600),
	('2022-03-18 11:30:00',650),('2022-03-18 11:45:00',650),
    ('2022-03-18 12:00:00',700),('2022-03-18 12:15:00',700),
    ('2022-03-18 12:30:00',720),('2022-03-18 12:45:00',720),
    ('2022-03-18 13:00:00',800),('2022-03-18 13:15:00',800),
	('2022-03-18 13:30:00',800),('2022-03-18 13:45:00',750),
    ('2022-03-18 14:00:00',700),('2022-03-18 14:15:00',700),
    ('2022-03-18 14:30:00',600),('2022-03-18 14:45:00',650),
    ('2022-03-18 15:00:00',550),('2022-03-18 15:15:00',550),
	('2022-03-18 15:30:00',500),('2022-03-18 15:45:00',500),
    ('2022-03-18 16:00:00',500),('2022-03-18 16:15:00',450),
    ('2022-03-18 16:30:00',450),('2022-03-18 16:45:00',450),
    ('2022-03-18 17:00:00',400),('2022-03-18 17:15:00',400),
    ('2022-03-18 17:30:00',300),('2022-03-18 17:45:00',300),
    ('2022-03-18 18:00:00',250),('2022-03-18 18:15:00',250),
    
    ('2022-03-19 09:00:00',500),('2022-03-19 09:15:00',500),
	('2022-03-19 09:30:00',500),('2022-03-19 09:45:00',500),
    ('2022-03-19 10:00:00',550),('2022-03-19 10:15:00',550),
    ('2022-03-19 10:30:00',550),('2022-03-19 10:45:00',550),
    ('2022-03-19 11:00:00',600),('2022-03-19 11:15:00',600),
	('2022-03-19 11:30:00',650),('2022-03-19 11:45:00',650),
    ('2022-03-19 12:00:00',700),('2022-03-19 12:15:00',700),
    ('2022-03-19 12:30:00',720),('2022-03-19 12:45:00',720),
    ('2022-03-19 13:00:00',800),('2022-03-19 13:15:00',800),
	('2022-03-19 13:30:00',800),('2022-03-19 13:45:00',750),
    ('2022-03-19 14:00:00',700),('2022-03-19 14:15:00',700),
    ('2022-03-19 14:30:00',600),('2022-03-19 14:45:00',650),
    ('2022-03-19 15:00:00',550),('2022-03-19 15:15:00',550),
	('2022-03-19 15:30:00',500),('2022-03-19 15:45:00',500),
    ('2022-03-19 16:00:00',500),('2022-03-19 16:15:00',450),
    ('2022-03-19 16:30:00',450),('2022-03-19 16:45:00',450),
    ('2022-03-19 17:00:00',400),('2022-03-19 17:15:00',400),
    ('2022-03-19 17:30:00',300),('2022-03-19 17:45:00',300),
    ('2022-03-19 18:00:00',250),('2022-03-19 18:15:00',250),





	('2022-03-20 09:00:00',500),('2022-03-20 09:15:00',500),
	('2022-03-20 09:30:00',500),('2022-03-20 09:45:00',500),
    ('2022-03-20 10:00:00',550),('2022-03-20 10:15:00',550),
    ('2022-03-20 10:30:00',550),('2022-03-20 10:45:00',550),
    ('2022-03-20 11:00:00',600),('2022-03-20 11:15:00',600),
	('2022-03-20 11:30:00',650),('2022-03-20 11:45:00',650),
    ('2022-03-20 12:00:00',700),('2022-03-20 12:15:00',700),
    ('2022-03-20 12:30:00',720),('2022-03-20 12:45:00',720),
    ('2022-03-20 13:00:00',800),('2022-03-20 13:15:00',800),
	('2022-03-20 13:30:00',800),('2022-03-20 13:45:00',750),
    ('2022-03-20 14:00:00',700),('2022-03-20 14:15:00',700),
    ('2022-03-20 14:30:00',600),('2022-03-20 14:45:00',650),
    ('2022-03-20 15:00:00',550),('2022-03-20 15:15:00',550),
	('2022-03-20 15:30:00',500),('2022-03-20 15:45:00',500),
    ('2022-03-20 16:00:00',500),('2022-03-20 16:15:00',450),
    ('2022-03-20 16:30:00',450),('2022-03-20 16:45:00',450),
    ('2022-03-20 17:00:00',400),('2022-03-20 17:15:00',400),
    ('2022-03-20 17:30:00',300),('2022-03-20 17:45:00',300),
    ('2022-03-20 18:00:00',250),('2022-03-20 18:15:00',250),
    
    ('2022-03-21 09:00:00',500),('2022-03-21 09:15:00',500),
	('2022-03-21 09:30:00',500),('2022-03-21 09:45:00',500),
    ('2022-03-21 10:00:00',550),('2022-03-21 10:15:00',550),
    ('2022-03-21 10:30:00',550),('2022-03-21 10:45:00',550),
    ('2022-03-21 11:00:00',600),('2022-03-21 11:15:00',600),
	('2022-03-21 11:30:00',650),('2022-03-21 11:45:00',650),
    ('2022-03-21 12:00:00',700),('2022-03-21 12:15:00',700),
    ('2022-03-21 12:30:00',720),('2022-03-21 12:45:00',720),
    ('2022-03-21 13:00:00',800),('2022-03-21 13:15:00',800),
	('2022-03-21 13:30:00',800),('2022-03-21 13:45:00',750),
    ('2022-03-21 14:00:00',700),('2022-03-21 14:15:00',700),
    ('2022-03-21 14:30:00',600),('2022-03-21 14:45:00',650),
    ('2022-03-21 15:00:00',680),('2022-03-21 15:15:00',650),
	('2022-03-21 15:30:00',700),('2022-03-21 15:45:00',700),
    ('2022-03-21 16:00:00',700),('2022-03-21 16:15:00',650),
    ('2022-03-21 16:30:00',650),('2022-03-21 16:45:00',650),
    ('2022-03-21 17:00:00',800),('2022-03-21 17:15:00',700),
    ('2022-03-21 17:30:00',700),('2022-03-21 17:45:00',690),
    ('2022-03-21 18:00:00',750),('2022-03-21 18:15:00',650),
    
    ('2022-03-22 09:00:00',500),('2022-03-22 09:15:00',500),
	('2022-03-22 09:30:00',500),('2022-03-22 09:45:00',500),
    ('2022-03-22 10:00:00',550),('2022-03-22 10:15:00',550),
    ('2022-03-22 10:30:00',550),('2022-03-22 10:45:00',550),
    ('2022-03-22 11:00:00',600),('2022-03-22 11:15:00',600),
	('2022-03-22 11:30:00',650),('2022-03-22 11:45:00',650),
    ('2022-03-22 12:00:00',700),('2022-03-22 12:15:00',700),
    ('2022-03-22 12:30:00',720),('2022-03-22 12:45:00',720),
    ('2022-03-22 13:00:00',800),('2022-03-22 13:15:00',800),
	('2022-03-22 13:30:00',800),('2022-03-22 13:45:00',750),
    ('2022-03-22 14:00:00',700),('2022-03-22 14:15:00',700),
    ('2022-03-22 14:30:00',600),('2022-03-22 14:45:00',650),
    ('2022-03-22 15:00:00',550),('2022-03-22 15:15:00',550),
	('2022-03-22 15:30:00',500),('2022-03-22 15:45:00',500),
    ('2022-03-22 16:00:00',500),('2022-03-22 16:15:00',450),
    ('2022-03-22 16:30:00',450),('2022-03-22 16:45:00',450),
    ('2022-03-22 17:00:00',400),('2022-03-22 17:15:00',400),
    ('2022-03-22 17:30:00',300),('2022-03-22 17:45:00',300),
    ('2022-03-22 18:00:00',250),('2022-03-22 18:15:00',250),
    
    ('2022-03-23 09:00:00',500),('2022-03-23 09:15:00',500),
	('2022-03-23 09:30:00',500),('2022-03-23 09:45:00',500),
    ('2022-03-23 10:00:00',550),('2022-03-23 10:15:00',550),
    ('2022-03-23 10:30:00',550),('2022-03-23 10:45:00',550),
    ('2022-03-23 11:00:00',600),('2022-03-23 11:15:00',600),
	('2022-03-23 11:30:00',650),('2022-03-23 11:45:00',650),
    ('2022-03-23 12:00:00',700),('2022-03-23 12:15:00',700),
    ('2022-03-23 12:30:00',720),('2022-03-23 12:45:00',720),
    ('2022-03-23 13:00:00',800),('2022-03-23 13:15:00',800),
	('2022-03-23 13:30:00',800),('2022-03-23 13:45:00',750),
    ('2022-03-23 14:00:00',700),('2022-03-23 14:15:00',700),
    ('2022-03-23 14:30:00',600),('2022-03-23 14:45:00',650),
    ('2022-03-23 15:00:00',550),('2022-03-23 15:15:00',550),
	('2022-03-23 15:30:00',500),('2022-03-23 15:45:00',500),
    ('2022-03-23 16:00:00',500),('2022-03-23 16:15:00',450),
    ('2022-03-23 16:30:00',450),('2022-03-23 16:45:00',450),
    ('2022-03-23 17:00:00',400),('2022-03-23 17:15:00',400),
    ('2022-03-23 17:30:00',300),('2022-03-23 17:45:00',300),
    ('2022-03-23 18:00:00',250),('2022-03-23 18:15:00',250),
    
    ('2022-03-24 09:00:00',500),('2022-03-24 09:15:00',500),
	('2022-03-24 09:30:00',500),('2022-03-24 09:45:00',500),
    ('2022-03-24 10:00:00',550),('2022-03-24 10:15:00',550),
    ('2022-03-24 10:30:00',550),('2022-03-24 10:45:00',550),
    ('2022-03-24 11:00:00',600),('2022-03-24 11:15:00',600),
	('2022-03-24 11:30:00',650),('2022-03-24 11:45:00',650),
    ('2022-03-24 12:00:00',700),('2022-03-24 12:15:00',700),
    ('2022-03-24 12:30:00',720),('2022-03-24 12:45:00',720),
    ('2022-03-24 13:00:00',800),('2022-03-24 13:15:00',800),
	('2022-03-24 13:30:00',800),('2022-03-24 13:45:00',750),
    ('2022-03-24 14:00:00',700),('2022-03-24 14:15:00',700),
    ('2022-03-24 14:30:00',600),('2022-03-24 14:45:00',650),
    ('2022-03-24 15:00:00',550),('2022-03-24 15:15:00',550),
	('2022-03-24 15:30:00',500),('2022-03-24 15:45:00',500),
    ('2022-03-24 16:00:00',500),('2022-03-24 16:15:00',450),
    ('2022-03-24 16:30:00',450),('2022-03-24 16:45:00',450),
    ('2022-03-24 17:00:00',400),('2022-03-24 17:15:00',400),
    ('2022-03-24 17:30:00',300),('2022-03-24 17:45:00',300),
    ('2022-03-24 18:00:00',250),('2022-03-24 18:15:00',250),



	('2022-03-25 09:00:00',500),('2022-03-25 09:15:00',500),
	('2022-03-25 09:30:00',500),('2022-03-25 09:45:00',500),
    ('2022-03-25 10:00:00',550),('2022-03-25 10:15:00',550),
    ('2022-03-25 10:30:00',550),('2022-03-25 10:45:00',550),
    ('2022-03-25 11:00:00',600),('2022-03-25 11:15:00',600),
	('2022-03-25 11:30:00',650),('2022-03-25 11:45:00',650),
    ('2022-03-25 12:00:00',700),('2022-03-25 12:15:00',700),
    ('2022-03-25 12:30:00',720),('2022-03-25 12:45:00',720),
    ('2022-03-25 13:00:00',800),('2022-03-25 13:15:00',800),
	('2022-03-25 13:30:00',800),('2022-03-25 13:45:00',750),
    ('2022-03-25 14:00:00',700),('2022-03-25 14:15:00',700),
    ('2022-03-25 14:30:00',600),('2022-03-25 14:45:00',650),
    ('2022-03-25 15:00:00',550),('2022-03-25 15:15:00',550),
	('2022-03-25 15:30:00',500),('2022-03-25 15:45:00',500),
    ('2022-03-25 16:00:00',500),('2022-03-25 16:15:00',450),
    ('2022-03-25 16:30:00',450),('2022-03-25 16:45:00',450),
    ('2022-03-25 17:00:00',400),('2022-03-25 17:15:00',400),
    ('2022-03-25 17:30:00',300),('2022-03-25 17:45:00',300),
    ('2022-03-25 18:00:00',250),('2022-03-25 18:15:00',250),
    
	('2022-03-26 09:00:00',500),('2022-03-26 09:15:00',500),
	('2022-03-26 09:30:00',500),('2022-03-26 09:45:00',500),
    ('2022-03-26 10:00:00',550),('2022-03-26 10:15:00',550),
    ('2022-03-26 10:30:00',550),('2022-03-26 10:45:00',550),
    ('2022-03-26 11:00:00',600),('2022-03-26 11:15:00',600),
	('2022-03-26 11:30:00',650),('2022-03-26 11:45:00',650),
    ('2022-03-26 12:00:00',700),('2022-03-26 12:15:00',700),
    ('2022-03-26 12:30:00',720),('2022-03-26 12:45:00',720),
    ('2022-03-26 13:00:00',800),('2022-03-26 13:15:00',800),
	('2022-03-26 13:30:00',800),('2022-03-26 13:45:00',750),
    ('2022-03-26 14:00:00',700),('2022-03-26 14:15:00',700),
    ('2022-03-26 14:30:00',600),('2022-03-26 14:45:00',650),
    ('2022-03-26 15:00:00',550),('2022-03-26 15:15:00',550),
	('2022-03-26 15:30:00',500),('2022-03-26 15:45:00',500),
    ('2022-03-26 16:00:00',500),('2022-03-26 16:15:00',450),
    ('2022-03-26 16:30:00',450),('2022-03-26 16:45:00',450),
    ('2022-03-26 17:00:00',400),('2022-03-26 17:15:00',400),
    ('2022-03-26 17:30:00',300),('2022-03-26 17:45:00',300),
    ('2022-03-26 18:00:00',250),('2022-03-26 18:15:00',250),
    
    ('2022-03-27 09:00:00',500),('2022-03-27 09:15:00',500),
	('2022-03-27 09:30:00',500),('2022-03-27 09:45:00',500),
    ('2022-03-27 10:00:00',550),('2022-03-27 10:15:00',550),
    ('2022-03-27 10:30:00',550),('2022-03-27 10:45:00',550),
    ('2022-03-27 11:00:00',600),('2022-03-27 11:15:00',600),
	('2022-03-27 11:30:00',650),('2022-03-27 11:45:00',650),
    ('2022-03-27 12:00:00',700),('2022-03-27 12:15:00',700),
    ('2022-03-27 12:30:00',720),('2022-03-27 12:45:00',720),
    ('2022-03-27 13:00:00',800),('2022-03-27 13:15:00',800),
	('2022-03-27 13:30:00',800),('2022-03-27 13:45:00',750),
    ('2022-03-27 14:00:00',700),('2022-03-27 14:15:00',700),
    ('2022-03-27 14:30:00',600),('2022-03-27 14:45:00',650),
    ('2022-03-27 15:00:00',550),('2022-03-27 15:15:00',550),
	('2022-03-27 15:30:00',500),('2022-03-27 15:45:00',500),
    ('2022-03-27 16:00:00',500),('2022-03-27 16:15:00',450),
    ('2022-03-27 16:30:00',450),('2022-03-27 16:45:00',450),
    ('2022-03-27 17:00:00',400),('2022-03-27 17:15:00',400),
    ('2022-03-27 17:30:00',300),('2022-03-27 17:45:00',300),
    ('2022-03-27 18:00:00',250),('2022-03-27 18:15:00',250),
    
    ('2022-03-28 09:00:00',500),('2022-03-28 09:15:00',500),
	('2022-03-28 09:30:00',500),('2022-03-28 09:45:00',500),
    ('2022-03-28 10:00:00',550),('2022-03-28 10:15:00',550),
    ('2022-03-28 10:30:00',550),('2022-03-28 10:45:00',550),
    ('2022-03-28 11:00:00',600),('2022-03-28 11:15:00',600),
	('2022-03-28 11:30:00',650),('2022-03-28 11:45:00',650),
    ('2022-03-28 12:00:00',700),('2022-03-28 12:15:00',700),
    ('2022-03-28 12:30:00',720),('2022-03-28 12:45:00',720),
    ('2022-03-28 13:00:00',800),('2022-03-28 13:15:00',800),
	('2022-03-28 13:30:00',830),('2022-03-28 13:45:00',820),
    ('2022-03-28 14:00:00',750),('2022-03-28 14:15:00',700),
    ('2022-03-28 14:30:00',600),('2022-03-28 14:45:00',650),
    ('2022-03-28 15:00:00',550),('2022-03-28 15:15:00',550),
	('2022-03-28 15:30:00',500),('2022-03-28 15:45:00',500),
    ('2022-03-28 16:00:00',500),('2022-03-28 16:15:00',450),
    ('2022-03-28 16:30:00',450),('2022-03-28 16:45:00',450),
    ('2022-03-28 17:00:00',400),('2022-03-28 17:15:00',400),
    ('2022-03-28 17:30:00',300),('2022-03-28 17:45:00',300),
    ('2022-03-28 18:00:00',250),('2022-03-28 18:15:00',250),
    
    ('2022-03-29 09:00:00',500),('2022-03-29 09:15:00',500),
	('2022-03-29 09:30:00',500),('2022-03-29 09:45:00',500),
    ('2022-03-29 10:00:00',550),('2022-03-29 10:15:00',550),
    ('2022-03-29 10:30:00',550),('2022-03-29 10:45:00',550),
    ('2022-03-29 11:00:00',600),('2022-03-29 11:15:00',600),
	('2022-03-29 11:30:00',650),('2022-03-29 11:45:00',650),
    ('2022-03-29 12:00:00',700),('2022-03-29 12:15:00',700),
    ('2022-03-29 12:30:00',720),('2022-03-29 12:45:00',720),
    ('2022-03-29 13:00:00',800),('2022-03-29 13:15:00',800),
	('2022-03-29 13:30:00',800),('2022-03-29 13:45:00',750),
    ('2022-03-29 14:00:00',700),('2022-03-29 14:15:00',700),
    ('2022-03-29 14:30:00',600),('2022-03-29 14:45:00',650),
    ('2022-03-29 15:00:00',550),('2022-03-29 15:15:00',550),
	('2022-03-29 15:30:00',500),('2022-03-29 15:45:00',500),
    ('2022-03-29 16:00:00',500),('2022-03-29 16:15:00',450),
    ('2022-03-29 16:30:00',450),('2022-03-29 16:45:00',450),
    ('2022-03-29 17:00:00',400),('2022-03-29 17:15:00',400),
    ('2022-03-29 17:30:00',300),('2022-03-29 17:45:00',300),
    ('2022-03-29 18:00:00',250),('2022-03-29 18:15:00',250);

insert into Immissione(TimestampSorgente,DataRegistro, Fascia)
values
    ('2022-03-25 09:00:00','2022-03-22',1),('2022-03-22 09:15:00','2022-03-27',1),
	('2022-03-25 09:30:00','2022-03-22',1),('2022-03-22 09:45:00','2022-03-27',1),
    ('2022-03-25 10:00:00','2022-03-22',1),('2022-03-22 10:15:00','2022-03-27',1),
    ('2022-03-25 10:30:00','2022-03-22',1),('2022-03-22 10:45:00','2022-03-27',1),
    ('2022-03-25 11:00:00','2022-03-22',1),('2022-03-22 11:15:00','2022-03-27',1),
	('2022-03-25 11:30:00','2022-03-22',1),('2022-03-22 11:45:00','2022-03-27',1),
    ('2022-03-25 12:00:00','2022-03-22',1),('2022-03-22 12:15:00','2022-03-27',1),
    ('2022-03-25 12:30:00','2022-03-22',1),('2022-03-22 12:45:00','2022-03-27',1),
    ('2022-03-25 13:00:00','2022-03-22',1),('2022-03-22 13:15:00','2022-03-27',1),
	('2022-03-25 13:30:00','2022-03-22',1),('2022-03-22 13:45:00','2022-03-27',1),
    ('2022-03-25 14:00:00','2022-03-22',1),('2022-03-22 14:15:00','2022-03-27',1),
    ('2022-03-25 14:30:00','2022-03-22',1),('2022-03-22 14:45:00','2022-03-27',1),
    ('2022-03-25 15:00:00','2022-03-22',2),('2022-03-22 15:15:00','2022-03-27',2),
	('2022-03-25 15:30:00','2022-03-22',2),('2022-03-22 15:45:00','2022-03-27',2),
    ('2022-03-25 16:00:00','2022-03-22',2),('2022-03-22 16:15:00','2022-03-27',2),
    ('2022-03-25 16:30:00','2022-03-22',2),('2022-03-22 16:45:00','2022-03-27',2),
    ('2022-03-25 17:00:00','2022-03-22',2),('2022-03-22 17:15:00','2022-03-27',2),
    ('2022-03-25 17:30:00','2022-03-22',2),('2022-03-22 17:45:00','2022-03-27',2),
    ('2022-03-25 18:00:00','2022-03-22',2),('2022-03-22 18:15:00','2022-03-27',2),
	
	('2022-03-25 09:00:00','2022-03-23',1),('2022-03-25 09:15:00','2022-03-23',1),
	('2022-03-25 09:30:00','2022-03-23',1),('2022-03-25 09:45:00','2022-03-23',1),
    ('2022-03-25 10:00:00','2022-03-23',1),('2022-03-25 10:15:00','2022-03-23',1),
    ('2022-03-25 10:30:00','2022-03-23',1),('2022-03-25 10:45:00','2022-03-23',1),
    ('2022-03-25 11:00:00','2022-03-23',1),('2022-03-25 11:15:00','2022-03-23',1),
	('2022-03-25 11:30:00','2022-03-23',1),('2022-03-25 11:45:00','2022-03-23',1),
    ('2022-03-25 12:00:00','2022-03-23',1),('2022-03-25 12:15:00','2022-03-23',1),
    ('2022-03-25 12:30:00','2022-03-23',1),('2022-03-25 12:45:00','2022-03-23',1),
    ('2022-03-25 13:00:00','2022-03-23',1),('2022-03-25 13:15:00','2022-03-23',1),
	('2022-03-25 13:30:00','2022-03-23',1),('2022-03-25 13:45:00','2022-03-23',1),
    ('2022-03-25 14:00:00','2022-03-23',1),('2022-03-25 14:15:00','2022-03-23',1),
    ('2022-03-25 14:30:00','2022-03-23',1),('2022-03-25 14:45:00','2022-03-23',1),
    ('2022-03-25 15:00:00','2022-03-23',2),('2022-03-25 15:15:00','2022-03-23',2),
	('2022-03-25 15:30:00','2022-03-23',2),('2022-03-25 15:45:00','2022-03-23',2),
    ('2022-03-25 16:00:00','2022-03-23',2),('2022-03-25 16:15:00','2022-03-23',2),
    ('2022-03-25 16:30:00','2022-03-23',2),('2022-03-25 16:45:00','2022-03-23',2),
    ('2022-03-25 17:00:00','2022-03-23',2),('2022-03-25 17:15:00','2022-03-23',2),
    ('2022-03-25 17:30:00','2022-03-23',2),('2022-03-25 17:45:00','2022-03-23',2),
    ('2022-03-25 18:00:00','2022-03-23',2),('2022-03-25 18:15:00','2022-03-23',2),
    
	('2022-03-25 09:00:00','2022-03-24',1),('2022-03-25 09:15:00','2022-03-24',1),
	('2022-03-25 09:30:00','2022-03-24',1),('2022-03-25 09:45:00','2022-03-24',1),
    ('2022-03-25 10:00:00','2022-03-24',1),('2022-03-25 10:15:00','2022-03-24',1),
    ('2022-03-25 10:30:00','2022-03-24',1),('2022-03-25 10:45:00','2022-03-24',1),
    ('2022-03-25 11:00:00','2022-03-24',1),('2022-03-25 11:15:00','2022-03-24',1),
	('2022-03-25 11:30:00','2022-03-24',1),('2022-03-25 11:45:00','2022-03-24',1),
    ('2022-03-25 12:00:00','2022-03-24',1),('2022-03-25 12:15:00','2022-03-24',1),
    ('2022-03-25 12:30:00','2022-03-24',1),('2022-03-25 12:45:00','2022-03-24',1),
    ('2022-03-25 13:00:00','2022-03-24',1),('2022-03-25 13:15:00','2022-03-24',1),
	('2022-03-25 13:30:00','2022-03-24',1),('2022-03-25 13:45:00','2022-03-24',1),
    ('2022-03-25 14:00:00','2022-03-24',1),('2022-03-25 14:15:00','2022-03-24',1),
    ('2022-03-25 14:30:00','2022-03-24',1),('2022-03-25 14:45:00','2022-03-24',1),
    ('2022-03-25 15:00:00','2022-03-24',2),('2022-03-25 15:15:00','2022-03-24',2),
	('2022-03-25 15:30:00','2022-03-24',2),('2022-03-25 15:45:00','2022-03-24',2),
    ('2022-03-25 16:00:00','2022-03-24',2),('2022-03-25 16:15:00','2022-03-24',2),
    ('2022-03-25 16:30:00','2022-03-24',2),('2022-03-25 16:45:00','2022-03-24',2),
    ('2022-03-25 17:00:00','2022-03-24',2),('2022-03-25 17:15:00','2022-03-24',2),
    ('2022-03-25 17:30:00','2022-03-24',2),('2022-03-25 17:45:00','2022-03-24',2),
    ('2022-03-25 18:00:00','2022-03-24',2),('2022-03-25 18:15:00','2022-03-24',2),


	('2022-03-25 09:00:00','2022-03-26',1),('2022-03-25 09:15:00','2022-03-26',1),
	('2022-03-25 09:30:00','2022-03-26',1),('2022-03-25 09:45:00','2022-03-26',1),
    ('2022-03-25 10:00:00','2022-03-26',1),('2022-03-25 10:15:00','2022-03-26',1),
    ('2022-03-25 10:30:00','2022-03-26',1),('2022-03-25 10:45:00','2022-03-26',1),
    ('2022-03-25 11:00:00','2022-03-26',1),('2022-03-25 11:15:00','2022-03-26',1),
	('2022-03-25 11:30:00','2022-03-26',1),('2022-03-25 11:45:00','2022-03-26',1),
    ('2022-03-25 12:00:00','2022-03-26',1),('2022-03-25 12:15:00','2022-03-26',1),
    ('2022-03-25 12:30:00','2022-03-26',1),('2022-03-25 12:45:00','2022-03-26',1),
    ('2022-03-25 13:00:00','2022-03-26',1),('2022-03-25 13:15:00','2022-03-26',1),
	('2022-03-25 13:30:00','2022-03-26',1),('2022-03-25 13:45:00','2022-03-26',1),
    ('2022-03-25 14:00:00','2022-03-26',1),('2022-03-25 14:15:00','2022-03-26',1),
    ('2022-03-25 14:30:00','2022-03-26',1),('2022-03-25 14:45:00','2022-03-26',1),
    ('2022-03-25 15:00:00','2022-03-26',2),('2022-03-25 15:15:00','2022-03-26',2),
	('2022-03-25 15:30:00','2022-03-26',2),('2022-03-25 15:45:00','2022-03-26',2),
    ('2022-03-25 16:00:00','2022-03-26',2),('2022-03-25 16:15:00','2022-03-26',2),
    ('2022-03-25 16:30:00','2022-03-26',2),('2022-03-25 16:45:00','2022-03-26',2),
    ('2022-03-25 17:00:00','2022-03-26',2),('2022-03-25 17:15:00','2022-03-26',2),
    ('2022-03-25 17:30:00','2022-03-26',2),('2022-03-25 17:45:00','2022-03-26',2),
    ('2022-03-25 18:00:00','2022-03-26',2),('2022-03-25 18:15:00','2022-03-26',2),
    
    
	('2022-03-25 09:00:00','2022-03-25',1),('2022-03-25 09:15:00','2022-03-25',1),
	('2022-03-25 09:30:00','2022-03-25',1),('2022-03-25 09:45:00','2022-03-25',1),
    ('2022-03-25 10:00:00','2022-03-25',1),('2022-03-25 10:15:00','2022-03-25',1),
    ('2022-03-25 10:30:00','2022-03-25',1),('2022-03-25 10:45:00','2022-03-25',1),
    ('2022-03-25 11:00:00','2022-03-25',1),('2022-03-25 11:15:00','2022-03-25',1),
	('2022-03-25 11:30:00','2022-03-25',1),('2022-03-25 11:45:00','2022-03-25',1),
    ('2022-03-25 12:00:00','2022-03-25',1),('2022-03-25 12:15:00','2022-03-25',1),
    ('2022-03-25 12:30:00','2022-03-25',1),('2022-03-25 12:45:00','2022-03-25',1),
    ('2022-03-25 13:00:00','2022-03-25',1),('2022-03-25 13:15:00','2022-03-25',1),
	('2022-03-25 13:30:00','2022-03-25',1),('2022-03-25 13:45:00','2022-03-25',1),
    ('2022-03-25 14:00:00','2022-03-25',1),('2022-03-25 14:15:00','2022-03-25',1),
    ('2022-03-25 14:30:00','2022-03-25',1),('2022-03-25 14:45:00','2022-03-25',1),
    ('2022-03-25 15:00:00','2022-03-25',2),('2022-03-25 15:15:00','2022-03-25',2),
	('2022-03-25 15:30:00','2022-03-25',2),('2022-03-25 15:45:00','2022-03-25',2),
    ('2022-03-25 16:00:00','2022-03-25',2),('2022-03-25 16:15:00','2022-03-25',2),
    ('2022-03-25 16:30:00','2022-03-25',2),('2022-03-25 16:45:00','2022-03-25',2),
    ('2022-03-25 17:00:00','2022-03-25',2),('2022-03-25 17:15:00','2022-03-25',2),
    ('2022-03-25 17:30:00','2022-03-25',2),('2022-03-25 17:45:00','2022-03-25',2),
    ('2022-03-25 18:00:00','2022-03-25',2),('2022-03-25 18:15:00','2022-03-25',2),
	
	('2022-03-26 09:00:00','2022-03-27',1),('2022-03-26 09:15:00','2022-03-27',1),
	('2022-03-26 09:30:00','2022-03-27',1),('2022-03-26 09:45:00','2022-03-27',1),
    ('2022-03-26 10:00:00','2022-03-27',1),('2022-03-26 10:15:00','2022-03-27',1),
    ('2022-03-26 10:30:00','2022-03-27',1),('2022-03-26 10:45:00','2022-03-27',1),
    ('2022-03-26 11:00:00','2022-03-27',1),('2022-03-26 11:15:00','2022-03-27',1),
	('2022-03-26 11:30:00','2022-03-27',1),('2022-03-26 11:45:00','2022-03-27',1),
    ('2022-03-26 12:00:00','2022-03-27',1),('2022-03-26 12:15:00','2022-03-27',1),
    ('2022-03-26 12:30:00','2022-03-27',1),('2022-03-26 12:45:00','2022-03-27',1),
    ('2022-03-26 13:00:00','2022-03-27',1),('2022-03-26 13:15:00','2022-03-27',1),
	('2022-03-26 13:30:00','2022-03-27',1),('2022-03-26 13:45:00','2022-03-27',1),
    ('2022-03-26 14:00:00','2022-03-27',1),('2022-03-26 14:15:00','2022-03-27',1),
    ('2022-03-26 14:30:00','2022-03-27',1),('2022-03-26 14:45:00','2022-03-27',1),
    ('2022-03-26 15:00:00','2022-03-27',2),('2022-03-26 15:15:00','2022-03-27',2),
	('2022-03-26 15:30:00','2022-03-27',2),('2022-03-26 15:45:00','2022-03-27',2),
    ('2022-03-26 16:00:00','2022-03-27',2),('2022-03-26 16:15:00','2022-03-27',2),
    ('2022-03-26 16:30:00','2022-03-27',2),('2022-03-26 16:45:00','2022-03-27',2),
    ('2022-03-26 17:00:00','2022-03-27',2),('2022-03-26 17:15:00','2022-03-27',2),
    ('2022-03-26 17:30:00','2022-03-27',2),('2022-03-26 17:45:00','2022-03-27',2),
    ('2022-03-26 18:00:00','2022-03-27',2),('2022-03-26 18:15:00','2022-03-27',2),

	
	('2022-03-27 09:00:00','2022-03-28',1),('2022-03-27 09:15:00','2022-03-28',1),
	('2022-03-27 09:30:00','2022-03-28',1),('2022-03-27 09:45:00','2022-03-28',1),
    ('2022-03-27 10:00:00','2022-03-28',1),('2022-03-27 10:15:00','2022-03-28',1),
    ('2022-03-27 10:30:00','2022-03-28',1),('2022-03-27 10:45:00','2022-03-28',1),
    ('2022-03-28 11:00:00','2022-03-28',1),('2022-03-27 11:15:00','2022-03-28',1),
	('2022-03-27 11:30:00','2022-03-28',1),('2022-03-27 11:45:00','2022-03-28',1),
    ('2022-03-27 12:00:00','2022-03-28',1),('2022-03-27 12:15:00','2022-03-28',1),
    ('2022-03-27 12:30:00','2022-03-28',1),('2022-03-27 12:45:00','2022-03-28',1),
    ('2022-03-27 13:00:00','2022-03-28',1),('2022-03-27 13:15:00','2022-03-28',1),
	('2022-03-27 13:30:00','2022-03-28',1),('2022-03-27 13:45:00','2022-03-28',1),
    ('2022-03-27 14:00:00','2022-03-28',1),('2022-03-27 14:15:00','2022-03-28',1),
    ('2022-03-27 14:30:00','2022-03-28',1),('2022-03-27 14:45:00','2022-03-28',1),
    ('2022-03-27 15:00:00','2022-03-28',2),('2022-03-27 15:15:00','2022-03-28',2),
	('2022-03-27 15:30:00','2022-03-28',2),('2022-03-27 15:45:00','2022-03-28',2),
    ('2022-03-27 16:00:00','2022-03-28',2),('2022-03-27 16:15:00','2022-03-28',2),
    ('2022-03-27 16:30:00','2022-03-28',2),('2022-03-27 16:45:00','2022-03-28',2),
    ('2022-03-27 17:00:00','2022-03-28',2),('2022-03-27 17:15:00','2022-03-28',2),
    ('2022-03-27 17:30:00','2022-03-28',2),('2022-03-27 17:45:00','2022-03-28',2),
    ('2022-03-27 18:00:00','2022-03-28',2),('2022-03-27 18:15:00','2022-03-28',2),
	
    ('2022-03-28 09:00:00','2022-03-29',1),('2022-03-28 09:15:00','2022-03-28',1),
	('2022-03-28 09:30:00','2022-03-29',1),('2022-03-28 09:45:00','2022-03-28',1),
    ('2022-03-28 10:00:00','2022-03-29',1),('2022-03-28 10:15:00','2022-03-28',1),
    ('2022-03-28 10:30:00','2022-03-29',1),('2022-03-28 10:45:00','2022-03-28',1),
    ('2022-03-28 11:00:00','2022-03-29',1),('2022-03-28 11:15:00','2022-03-28',1),
	('2022-03-28 11:30:00','2022-03-29',1),('2022-03-28 11:45:00','2022-03-28',1),
    ('2022-03-28 12:00:00','2022-03-29',1),('2022-03-28 12:15:00','2022-03-28',1),
    ('2022-03-28 12:30:00','2022-03-29',1),('2022-03-28 12:45:00','2022-03-28',1),
    ('2022-03-28 13:00:00','2022-03-29',1),('2022-03-28 13:15:00','2022-03-28',1),
	('2022-03-28 13:30:00','2022-03-29',1),('2022-03-28 13:45:00','2022-03-28',1),
    ('2022-03-28 14:00:00','2022-03-29',1),('2022-03-28 14:15:00','2022-03-28',1),
    ('2022-03-28 14:30:00','2022-03-29',1),('2022-03-28 14:45:00','2022-03-28',1),
    ('2022-03-28 15:00:00','2022-03-29',2),('2022-03-28 15:15:00','2022-03-28',2),
	('2022-03-28 15:30:00','2022-03-29',2),('2022-03-28 15:45:00','2022-03-28',2),
    ('2022-03-28 16:00:00','2022-03-29',2),('2022-03-28 16:15:00','2022-03-28',2),
    ('2022-03-28 16:30:00','2022-03-29',2),('2022-03-28 16:45:00','2022-03-28',2),
    ('2022-03-28 17:00:00','2022-03-29',2),('2022-03-28 17:15:00','2022-03-28',2),
    ('2022-03-28 17:30:00','2022-03-29',2),('2022-03-28 17:45:00','2022-03-28',2),
    ('2022-03-28 18:00:00','2022-03-29',2),('2022-03-28 18:15:00','2022-03-28',2),
    
    ('2022-03-29 09:00:00','2022-03-29',1),('2022-03-29 09:15:00','2022-03-28',1),
	('2022-03-29 09:30:00','2022-03-29',1),('2022-03-29 09:45:00','2022-03-28',1),
    ('2022-03-29 10:00:00','2022-03-29',1),('2022-03-29 10:15:00','2022-03-28',1),
    ('2022-03-29 10:30:00','2022-03-29',1),('2022-03-29 10:45:00','2022-03-28',1),
    ('2022-03-29 11:00:00','2022-03-29',1),('2022-03-29 11:15:00','2022-03-28',1),
	('2022-03-29 11:30:00','2022-03-29',1),('2022-03-29 11:45:00','2022-03-28',1),
    ('2022-03-29 12:00:00','2022-03-29',1),('2022-03-29 12:15:00','2022-03-28',1),
    ('2022-03-29 12:30:00','2022-03-29',1),('2022-03-29 12:45:00','2022-03-28',1),
    ('2022-03-29 13:00:00','2022-03-29',1),('2022-03-29 13:15:00','2022-03-28',1),
	('2022-03-29 13:30:00','2022-03-29',1),('2022-03-29 13:45:00','2022-03-28',1),
    ('2022-03-29 14:00:00','2022-03-29',1),('2022-03-29 14:15:00','2022-03-28',1),
    ('2022-03-29 14:30:00','2022-03-29',1),('2022-03-29 14:45:00','2022-03-28',1),
    ('2022-03-29 15:00:00','2022-03-29',2),('2022-03-29 15:15:00','2022-03-28',2),
	('2022-03-29 15:30:00','2022-03-29',2),('2022-03-29 15:45:00','2022-03-28',2),
    ('2022-03-29 16:00:00','2022-03-29',2),('2022-03-29 16:15:00','2022-03-28',2),
    ('2022-03-29 16:30:00','2022-03-29',2),('2022-03-29 16:45:00','2022-03-28',2),
    ('2022-03-29 17:00:00','2022-03-29',2),('2022-03-29 17:15:00','2022-03-28',2),
    ('2022-03-29 17:30:00','2022-03-29',2),('2022-03-29 17:45:00','2022-03-28',2),
    ('2022-03-29 18:00:00','2022-03-29',2),('2022-03-29 18:15:00','2022-03-28',2);
	
insert into Account(NomeUtente,Password,DomandaSicurezza,RispostaSicurezza)
values
    ('MarcoS','0123456789',"Nome del cane?","Billo"),('PietroS','abcdefghij',"Cibo preferito?","Riso patate e cozze"),
    ("MartaF",'0112358122032','Sport Preferito?','Curling'),
    ('GiuliaS','etnagigante','Colore preferito?','Rosso'),('PatrizioS','Patrick6029','Pizza preferita?','Crudo e grana');
    insert into Utente(CodFiscale,Nome,Cognome,DataIscrizione,DataNascita,Telefono,Nickname)
values
    ('aaa1','Marco','Silvestro','1960-01-5','2019-03-04',3334441234,'MarcoS'),
	   ('bbb2','Pietro','Silvestro','1985-05-10','2019-03-04',3337891234,'PietroS'),
       ('ccc3','Marta','Finesso','1980-06-24','2019-03-04',3174541934,"MartaF"),
       ('ddd4','Giulia','Silvestro','2001-12-5','2019-03-04',3734041304,'GiuliaS'),
       ('eee5','Patrizio','Silvestro','2003-10-7','2019-03-04',3405667329,'PatrizioS');
    insert into Documento(NumDocumento,Tipologia,Scadenza,Ente,Utente)
values
    (4352,'Patente','2030-01-5','Motorizzazione','aaa1'),
	   (3311,'CartaIdentita','2022-09-5','Comune','bbb2'),
	   (4098,'CartaIdentita','2025-04-9','Comune','ccc3'),
       (7431,'Patente','2032-01-5','Motorizzazione','ddd4'),(6652,'Patente','2027-01-5','Motorizzazione','eee5');
       
       insert into ImpostazioniDispositivo(Nickname,Inizio,Dispositivo,PotenzaMedia,ConsumoDispositivo)
values 
('MarcoS','2022-03-01 19:01:30',2,120,6.700),('MarcoS','2022-03-01 09:01:30',2,100,6.700),
('MarcoS','2022-03-01 15:41:20',2,39,6.700),('MarcoS','2022-02-19 09:11:32',3,49,2.700),
('MarcoS','2022-02-19 09:01:32',3,87,2.500),('MarcoS','2022-03-11 12:41:22',4,76,1.200),
('MarcoS','2022-01-21 10:21:52',10,94,8.333),('MarcoS','2022-01-21 10:42:52',9,68,8.250),
('MarcoS','2022-01-21 10:31:22',6,96,7.333),('MarcoS','2022-02-21 10:41:23',5,85,7.255),
('MarcoS','2022-02-21 13:41:33',5,68,7.255),('MarcoS','2022-02-21 18:10:39',5,95,7.255),
('MarcoS','2022-02-21 18:41:33',7,46,7.255),('MarcoS','2022-01-21 15:45:17',5,85,9.500),
('MarcoS','2022-03-12 22:31:30',13,58,11.700),('MarcoS','2022-03-12 23:31:30',13,56,11.700),
('MarcoS','2022-02-21 13:21:34',9,45,3.450),('MarcoS','2022-01-21 11:21:22',7,37,5.333),
('MarcoS','2022-01-21 10:47:52',7,68,6.333),('MarcoS','2022-03-12 22:21:20',12,84,6.700),
('MarcoS','2022-03-12 23:21:22',7,84,12.700),('MarcoS','2022-02-21 12:56:34',8,52,8.450),
('MarcoS','2022-01-21 11:51:22',6,38,7.333),('MarcoS','2022-01-21 11:41:22',6,63,5.333),
('MarcoS','2022-02-21 18:21:22',6,83,7.255),('MarcoS','2022-02-21 18:41:22',7,74,7.255),
('MarcoS','2022-03-21 10:21:22',6,53,1.255),('MarcoS','2022-03-21 10:32:02',7,72,1.255),

('PietroS','2022-02-28 11:57:45',3,45,7.8),('PietroS','2022-02-28 11:22:45',9,53,2.850),
('PietroS','2022-02-28 19:22:45',9,42,2.850),('PietroS','2022-02-25 14:47:25',13,48,5.85),
('PietroS','2022-02-25 14:57:25',13,42,5.85),('PietroS','2022-02-26 16:27:25',7,31,6.86),
('PietroS','2022-03-08 21:17:05',12,31,3.8),('PietroS','2022-02-28 21:27:05',8,31,2.844),
('PietroS','2022-02-28 21:47:05',8,31,2.844),('PietroS','2022-02-28 21:57:05',8,31,2.844),
('PietroS','2022-03-08 12:27:03',14,31,12.00),('PietroS','2022-02-24 14:00:45',9,42,3.80),

('PietroS','2022-03-08 21:45:05',11,53,3.8),('PietroS','2022-02-28 21:45:05',7,42,2.844),
('PietroS','2022-02-28 21:37:05',11,53,2.844),('PietroS','2022-02-28 21:36:05',7,53,2.844),
('PietroS','2022-03-08 12:34:03',12,53,12.00),('PietroS','2022-02-24 14:06:45',7,53,3.80),

('MartaF','2022-03-01 10:30:20',6,56,11.000),('MartaF','2022-03-01 12:30:40',12,56,12.250),
('MartaF','2022-03-11 12:03:40',2,56,1.500),('MartaF','2022-03-03 12:00:45',11,56,7.500),
('MartaF','2022-03-03 12:30:45',11,56,7.500),('MartaF','2022-03-03 12:50:45',11,56,7.500),
('MartaF','2022-03-02 17:20:20',9,56,9.750),('MartaF','2022-03-06 11:31:47',6,56,2.550),
('MartaF','2022-03-06 14:31:47',6,56,2.550),('MartaF','2022-03-06 17:31:47',6,56,2.550),
('MartaF','2022-03-05 16:35:40',5,56,15.250),('MartaF','2022-03-07 19:00:40',7,56,7.575),
('MartaF','2022-03-07 19:10:40',7,56,7.575),('MartaF','2022-03-07 20:40:40',7,56,7.575),
('MartaF','2022-03-01 20:35:40',6,56,2.350),('MartaF','2022-03-01 20:15:45',10,56,1.750),

('MartaF','2022-03-05 16:27:40',6,35,15.250),('MartaF','2022-03-07 19:07:47',6,35,7.575),
('MartaF','2022-03-07 19:13:40',6,35,7.575),('MartaF','2022-03-07 20:43:54',5,35,7.575),
('MartaF','2022-03-01 20:32:20',6,35,2.350),('MartaF','2022-03-01 20:17:27',5,35,1.750),

('GiuliaS','2022-02-01 12:30:40',4,35,550),('GiuliaS','2022-02-01 12:36:57',9,35,350),
('GiuliaS','2022-02-01 17:36:57',9,35,2.550),('GiuliaS','2022-02-01 18:36:57',9,35,2.550),
('GiuliaS','2022-02-11 10:32:26',13,35,4.550),('GiuliaS','2022-02-28 13:36:40',10,35,6.600),
('GiuliaS','2022-02-01 19:25:45',12,35,9.020),('GiuliaS','2022-03-01 13:33:42',10,35,2.350),
('GiuliaS','2022-03-01 15:33:42',10,35,2.350),('GiuliaS','2022-03-01 18:33:42',2,35,2.350),
('GiuliaS','2022-02-19 13:30:40',3,35,4.550),('GiuliaS','2022-02-24 11:30:47',11,35,3.650),
('GiuliaS','2022-02-09 10:30:55',5,35,4.550),('GiuliaS','2022-02-21 13:23:56',4,35,4.750),

('GiuliaS','2022-03-01 15:32:42',2,35,2.350),('GiuliaS','2022-03-01 18:37:42',2,38,2.350),
('GiuliaS','2022-02-19 13:43:21',2,38,4.550),('GiuliaS','2022-02-24 11:33:47',2,38,3.650),
('GiuliaS','2022-02-09 13:33:55',2,38,4.550),('GiuliaS','2022-02-21 13:23:56',6,38,4.750),

('GiuliaS','2022-02-11 10:37:50',3,38,4.550),('GiuliaS','2022-02-28 13:43:40',2,38,6.600),
('GiuliaS','2022-02-01 19:45:45',2,38,9.020),('GiuliaS','2022-03-01 13:37:42',2,38,2.350),
('GiuliaS','2022-03-01 15:35:42',2,38,2.350),('GiuliaS','2022-03-01 18:23:42',10,38,2.350),

('GiuliaS','2022-02-01 12:47:10',2,38,4.550),('GiuliaS','2022-02-01 12:23:57',3,38,2.550),
('GiuliaS','2022-02-01 17:12:27',3,38,2.550),('GiuliaS','2022-02-01 18:26:57',3,38,2.550),
('GiuliaS','2022-02-11 10:17:26',12,38,4.550),('GiuliaS','2022-02-28 13:23:40',6,38,6.600),


('PatrizioS','2022-02-21 12:47:32',12,38,3.478),('PatrizioS','2022-02-11 11:43:12',1,38,3.48),
('PatrizioS','2022-02-21 16:37:02',13,38,3.478),('PatrizioS','2022-02-21 21:23:36',2,38,1.548),
('PatrizioS','2022-02-27 11:00:02',2,38,3.478),('PatrizioS','2022-02-27 11:47:02',2,38,3.478),
('PatrizioS','2022-02-27 15:47:02',2,38,3.478),('PatrizioS','2022-02-27 18:47:02',2,38,3.478),
('PatrizioS','2022-03-10 19:27:57',1,38,3.468),('PatrizioS','2022-02-27 18:22:15',3,38,4.500),

('PatrizioS','2022-02-21 12:56:32',4,38,7.778),('PatrizioS','2022-02-11 11:53:22',3,38,3.00),
('PatrizioS','2022-02-21 16:37:02',8,38,3.478),('PatrizioS','2022-02-21 21:45:55',9,38,1.548),
('PatrizioS','2022-02-27 11:27:00',1,38,678),('PatrizioS','2022-02-27 11:42:02',1,38,478),
('PatrizioS','2022-02-27 15:24:35',1,38,378),('PatrizioS','2022-02-27 18:31:02',1,38,303),
('PatrizioS','2022-03-10 19:51:57',11,38,3.468),('PatrizioS','2022-02-27 18:34:15',7,38,450);

    insert into GestoreCentrale(NickName,TimestampInizio,TimestampFine,PartenzaDifferita,DataRegistro,Fascia)
values
    ('MarcoS','2022-03-01 19:01:30','2022-03-01 19:11:30',0,'2022-03-01',3),('MarcoS','2022-03-01 09:01:30','2022-03-01 09:31:30',0,'2022-03-01',2),
    ('MarcoS','2022-03-01 15:41:20','2022-03-01 15:46:20',0,'2022-03-01',3),('MarcoS','2022-02-19 09:01:32','2022-02-19 09:41:32',0,'2022-02-19',2),
    ('MarcoS','2022-02-19 09:11:32','2022-02-19 09:31:32',0,'2022-02-19',2),('MarcoS','2022-03-11 12:41:22','2022-03-11 12:51:22',0,'2022-03-11',2),
    ('MarcoS','2022-01-21 10:21:52','2022-01-21 10:51:52',0,'2022-01-21',2),('MartaF','2022-03-03 12:30:45','2022-03-03 12:37:45',0,'2022-03-03',2),
    ('MartaF','2022-03-03 12:50:45','2022-03-03 12:59:45',0,'2022-03-03',2),('MarcoS','2022-02-21 18:41:33','2022-02-21 18:58:43',0,'2022-02-21',3),
    ('MarcoS','2022-02-21 10:41:23','2022-02-21 10:48:23',0,'2022-02-21',2),('MarcoS','2022-02-21 13:41:33','2022-02-21 13:51:33',0,'2022-02-21',2),
    ('MarcoS','2022-02-21 18:10:39','2022-02-21 18:19:39',0,'2022-02-21',3),('MarcoS','2022-01-21 15:45:17','2022-01-21 15:55:17',0,'2022-01-21',3),
    ('MarcoS','2022-03-12 22:21:20','2022-03-21 18:58:43',0,'2022-03-21',3),('MarcoS','2022-03-12 23:21:22','2022-02-21 10:48:23',0,'2022-03-21',2),
    ('MarcoS','2022-02-21 12:56:34','2022-02-22 13:51:33',0,'2022-02-22',2),('MarcoS','2022-01-21 11:51:22','2022-01-22 18:19:39',0,'2022-01-22',3),
    ('MarcoS','2022-01-21 11:41:22','2022-01-21 15:55:17',0,'2022-01-21',3),('MarcoS','2022-02-21 18:21:22','2022-02-22 15:55:17',0,'2022-02-22',3),
    ('MarcoS','2022-03-12 22:31:30','2022-03-12 22:51:37',0,'2022-03-12',4),('MarcoS','2022-03-12 23:31:30','2022-03-12 23:51:30',0,'2022-03-12',4),
    ('MarcoS','2022-02-21 13:21:34','2022-02-21 13:51:54',0,'2022-02-21',2),
    
    
    ('PietroS','2022-02-28 11:57:45','2022-02-28 12:17:45',0,'2022-02-28 ',2),('PietroS','2022-02-28 11:22:45','2022-02-28 11:42:45',0,'2022-02-28',2),
    ('PietroS','2022-02-28 19:22:45','2022-02-28 19:32:45',0,'2022-02-28',3),('PietroS','2022-02-28 19:57:05','2022-02-28 19:59:45',0,'2022-02-28',3),
    ('PietroS','2022-02-25 14:47:25','2022-02-25 14:57:25',0,'2022-02-25',2),('PietroS','2022-02-26 16:27:25','2022-02-26 16:57:25',0,'2022-02-26',3),
    ('PietroS','2022-02-25 14:57:25','2022-02-25 14:59:25',0,'2022-02-25',2),('PietroS','2022-03-08 21:17:05','2022-03-08 21:47:05',0,'2022-03-08',3),
    ('PietroS','2022-02-28 21:27:05','2022-02-28 21:37:05',0,'2022-02-28',4),('MartaF','2022-03-06 14:31:47','2022-03-06 14:51:47',0,'2022-03-06',2),
    ('MartaF','2022-03-06 17:31:47','2022-03-06 17:51:47',0,'2022-03-06',3),('PietroS','2022-03-08 12:27:03','2022-03-08 12:37:03',0,'2022-03-08',2),
    ('PietroS','2022-02-24 14:00:45','2022-02-24 14:40:45',0,'2022-02-24 ',2),
    
    ('MartaF','2022-03-01 10:30:20','2022-03-01 10:37:20',0,'2022-03-01',2),('MartaF','2022-03-01 12:30:40','2022-03-01 12:39:40',0,'2022-03-01',2),
	('MartaF','2022-03-11 12:03:40','2022-03-11 12:53:40',0,'2022-03-11',2),('MartaF','2022-03-03 12:00:45','2022-03-03 12:30:45',0,'2022-03-03 ',2),
	('MartaF','2022-03-02 17:20:20','2022-03-02 17:26:20',0,'2022-03-02',3),('MartaF','2022-03-06 11:31:47','2022-03-06 11:51:47',0,'2022-03-06',2),
	('MartaF','2022-03-05 16:35:40','2022-03-05 16:55:40',0,'2022-03-05',3),('MartaF','2022-03-07 19:00:40','2022-03-07 19:30:40',0,'2022-03-07',3),
    ('MartaF','2022-03-07 19:10:40','2022-03-07 19:13:40',0,'2022-03-07',3),('MartaF','2022-03-07 20:40:40','2022-03-07 20:47:40',0,'2022-03-07',3),
	('MartaF','2022-03-01 20:35:40','2022-03-01 20:55:40',0,'2022-03-01',3),('MartaF','2022-03-01 20:15:45','2022-03-01 20:45:45',0,'2022-03-01',3),
    
    
	('GiuliaS','2022-02-01 12:30:40','2022-02-01 12:40:40',0,'2022-02-01',2),('GiuliaS','2022-02-01 12:36:57','2022-02-01 12:56:57',0,'2022-02-01',2),
	('GiuliaS','2022-02-11 10:32:26','2022-02-11 10:52:26',0,'2022-02-11',2),('GiuliaS','2022-02-28 13:36:40','2022-02-28 13:56:40',0,'2022-02-28',2),
	('GiuliaS','2022-02-01 19:25:45','2022-02-01 19:55:45',0,'2022-02-01',3),('GiuliaS','2022-03-01 13:33:42','2022-03-01 13:53:42',0,'2022-03-01',2),
	('GiuliaS','2022-02-19 13:30:40','2022-02-19 13:50:40',0,'2022-02-19',2),('GiuliaS','2022-02-24 11:30:47','2022-02-24 11:39:47',0,'2022-02-24',2),
	('GiuliaS','2022-02-09 10:30:55','2022-02-09 10:37:55',0,'2022-02-09',2),('GiuliaS','2022-02-21 13:23:56','2022-02-21 13:53:56',0,'2022-02-21',2),
    
    
	('PatrizioS','2022-02-21 12:47:32','2022-02-21 12:57:32',0,'2022-02-21',2),('PatrizioS','2022-02-11 11:43:12','2022-02-11 11:53:12',0,'2022-02-11',2),
	('PatrizioS','2022-02-21 16:37:02','2022-02-21 16:47:02',0,'2022-02-21',3),('PatrizioS','2022-02-21 21:23:36','2022-02-21 21:28:36',0,'2022-02-21',4),
	('PatrizioS','2022-02-27 11:00:02','2022-02-27 11:03:02',0,'2022-02-27',2),('PatrizioS','2022-02-27 15:47:02','2022-02-27 15:57:02',0,'2022-02-27',3),
    ('PatrizioS','2022-02-27 18:47:02','2022-02-27 18:57:02',0,'2022-02-27',3),('PatrizioS','2022-02-27 11:47:02','2022-02-27 11:57:02',0,'2022-02-27 ',2),
    ('PatrizioS','2022-03-10 19:27:57','2022-03-10 19:37:57',0,'2022-03-10 ',3),
	('MarcoS','2022-03-11 09:33:00','2022-03-11 09:33:50',0,'2022-03-11 ',2),('MarcoS','2022-03-21 09:43:00','2022-03-21 09:43:09',0,'2022-03-21',2),
    ('MarcoS','2022-01-11 09:33:00','2022-01-11 09:37:00',0,'2022-01-11',2),
	('MartaF','2022-04-01 09:33:40','2022-04-01 09:39:40',0,'2022-04-01 ',2),('MartaF','2022-03-21 09:43:07','2022-03-21 09:43:57',0,'2022-03-21',2),
    
	('MartaF','2022-02-09 19:33:40','2022-02-09 19:53:40',0,'2022-02-09',3),('MartaF','2022-03-27 11:30:00','2022-03-27 11:38:00',0,'2022-03-27',2),
    ('MartaF','2022-03-11 09:33:00','2022-03-11 09:33:50',0,'2022-03-11 ',2),
    ('GiuliaS','2022-02-03 17:30:00','2022-02-03 17:36:00',0,'2022-02-03 ',3),('GiuliaS','2022-01-11 09:33:50','2022-01-11 09:43:50',0,'2022-01-11',2),
    ('PietroS','2022-03-30 17:33:10','2022-03-30 17:37:10',0,'2022-03-30',3),('PietroS','2022-03-26 12:13:09','2022-03-26 12:17:59',0,'2022-03-26 ',2),
    ('PatrizioS','2022-02-15 19:37:40','2022-02-15 19:57:40',0,'2022-02-15 ',3),
    ('PatrizioS','2022-03-12 16:43:20','2022-03-12 16:53:20',0,'2022-03-12 ',3),
    ('PatrizioS','2022-03-25 18:33:30','2022-03-25 18:53:30',0,'2022-03-25',3),('PatrizioS','2022-05-21 09:37:09','2022-05-21 09:37:59',0,'2022-05-21 ',2),
    ('PatrizioS','2022-03-11 14:53:40','2022-03-11 14:56:40',0,'2022-03-11',3),
    ('PietroS','2022-03-01 09:07:00','2022-03-01 09:27:00',0,'2022-03-01',2),('MartaF','2022-03-02 10:45:30','2022-03-02 10:55:30',0,'2022-03-02',2),
    ('GiuliaS','2022-02-01 17:36:57','2022-02-01 17:46:57',0,'2022-02-01',3),('GiuliaS','2022-02-01 18:36:57','2022-02-01 18:56:57',0,'2022-02-01',3),
    ('MartaF','2022-03-02 09:30:05','2022-03-02 09:37:05',0,'2022-03-02',2),('PatrizioS','2022-02-01 12:20:15','2022-02-01 12:27:15',0,'2022-02-01',2),
    ('PatrizioS','2022-02-10 18:27:40','2022-02-10 18:47:40',0,'2022-02-10',3),('PietroS','2022-03-15 17:35:46','2022-03-15 17:37:46',0,'2022-03-15',3),
    ('PietroS','2022-02-11 09:10:00','2022-02-11 09:19:00',0,'2022-02-11',2),('MartaF','2022-03-16 09:41:27','2022-03-16 09:51:27',0,'2022-03-16',2),
    ('MartaF','2022-02-23 19:39:00','2022-02-23 19:39:50',0,'2022-02-23 ',3),('MartaF','2022-02-11 15:35:28','2022-02-11 15:55:28',0,'2022-02-11',3),
    ('PietroS','2022-03-11 19:34:50','2022-03-11 19:38:50',0,'2022-03-11',3),('PietroS','2022-02-28 21:47:05','2022-02-28 11:42:40',0,'2022-02-28',2),
    
    ('PietroS','2022-03-11 12:50:00','2022-03-11 12:58:00',0,'2022-03-11',3);
   insert into Interazione(Nickname,Inizio)
    values('MarcoS','2022-03-01 19:01:30'),('MarcoS','2022-02-19 09:01:32'),('MarcoS','2022-03-01 19:21:50'),('MarcoS','2022-03-01 18:41:20'),('MarcoS','2022-02-19 09:11:32'),
('MarcoS','2022-03-11 12:41:22'),('MarcoS','2022-01-21 10:21:52'),('PietroS','2022-02-25 14:57:25'),('MartaF','2022-03-06 14:31:47'),('MartaF','2022-03-06 17:31:47'),
('MarcoS','2022-02-21 18:41:33'),('MarcoS','2022-02-21 10:41:23'),('MarcoS','2022-02-21 13:41:33'),('MarcoS','2022-02-21 18:10:39'),('MarcoS','2022-01-21 15:45:17'),
('MarcoS','2022-03-12 22:31:30'),('MarcoS','2022-03-12 23:31:30'),('MarcoS','2022-02-21 13:21:34'),('MartaF','2022-03-03 12:30:45'),('MartaF','2022-03-03 12:50:45'),
('PietroS','2022-02-28 11:57:45'),('PietroS','2022-02-28 11:22:45'),('PietroS','2022-02-28 19:22:45'),('PietroS','2022-02-28 19:57:05'),
('PietroS','2022-02-25 14:47:25'),('PietroS','2022-02-26 16:27:25'),('GiuliaS','2022-02-01 17:36:57'),('GiuliaS','2022-02-01 18:36:57'),
('PietroS','2022-03-08 21:17:05'),('PietroS','2022-02-28 21:27:05'),
('PietroS','2022-03-08 12:27:03'),('PietroS','2022-02-24 14:00:45'),
('MartaF','2022-03-01 10:30:20'),('MartaF','2022-03-01 12:30:40'),
('MartaF','2022-03-11 12:03:40'),('MartaF','2022-03-03 12:00:45'),
('MartaF','2022-03-02 17:20:20'),('MartaF','2022-03-06 11:31:47'),
('MartaF','2022-03-05 16:35:40'),('MartaF','2022-03-07 19:00:40'),('MartaF','2022-03-07 19:10:40'),('MartaF','2022-03-07 20:40:40'),
('MartaF','2022-03-01 20:35:40'),('MartaF','2022-03-01 20:15:45'),
('GiuliaS','2022-02-01 12:30:40'),('GiuliaS','2022-02-01 12:36:57'),
('GiuliaS','2022-02-11 10:32:26'),('GiuliaS','2022-02-28 13:36:40'),
('GiuliaS','2022-02-01 19:25:45'),('GiuliaS','2022-03-01 13:33:42'),
('GiuliaS','2022-02-19 13:30:40'),('GiuliaS','2022-02-24 11:30:47'),
('GiuliaS','2022-02-09 10:30:55'),('GiuliaS','2022-02-21 13:23:56'),
('PatrizioS','2022-02-21 12:47:32'),('PatrizioS','2022-02-11 11:43:12'),
('PatrizioS','2022-02-21 16:37:02'),('PatrizioS','2022-02-21 21:23:36'),
('PatrizioS','2022-02-27 11:00:02'),('PatrizioS','2022-02-27 15:47:02'),('PatrizioS','2022-02-27 18:47:02'),
('PatrizioS','2022-02-27 11:47:02'),('PatrizioS','2022-03-10 19:27:57'),
('MarcoS','2022-03-11 09:33:00'),('MarcoS','2022-03-21 09:43:00'),('MarcoS','2022-01-11 09:33:00'),
('MartaF','2022-04-01 09:33:40'),('MartaF','2022-03-21 09:43:07'),
('MartaF','2022-02-09 19:33:40'),('MartaF','2022-03-27 11:30:00'),('MartaF','2022-03-11 09:33:00'),
   ('GiuliaS','2022-02-03 17:30:00'),('GiuliaS','2022-01-11 09:33:50'),('PietroS','2022-03-30 17:33:10'),
   ('PietroS','2022-03-26 12:13:09'),('PatrizioS','2022-02-15 19:37:40'),('PatrizioS','2022-03-12 16:43:20'),
   ('PatrizioS','2022-03-25 18:33:30'),('PatrizioS','2022-05-21 09:37:09'),('PatrizioS','2022-03-11 14:53:40'),
   ('PietroS','2022-03-01 09:07:00'),('MartaF','2022-03-02 10:45:30'),
   ('MartaF','2022-03-02 09:30:05'),('PatrizioS','2022-02-01 12:20:15'),
   ('PatrizioS','2022-02-10 18:27:40'),('PietroS','2022-03-15 17:35:46'),
   ('PietroS','2022-02-11 09:10:00'),('MartaF','2022-03-16 09:41:27'),
   ('MartaF','2022-02-23 19:39:00'),('MartaF','2022-02-11 15:35:28'),
   ('PietroS','2022-03-11 19:34:50'),('PietroS','2022-02-28 21:47:05'),('PietroS','2022-03-11 12:50:00');
	
	
  
   
   insert into Finestra(CodiceFinestra,PuntoCardinale,Ubicazione)
   values (1,'N',1),
	   (2,'NW',1),
       (3,'S',2),
       (4,'W',3),
       (5,'SW',4),
       (6,'SW',5),
       (7,'N',5),
       (8,'NW',6),
       (9,'SW',6);
   insert into Porta(CodPorta,TipoPorta,Ubicazione)#Interna o Esterna
   values (1,'Interna',1),
	   (2,'Esterna',1),
       (3,'Interna',2),
       (4,'Esterna',3),
       (5,'Interna',4),
       (6,'Interna',5),
       (7,'Interna',5),
       (8,'Interna',6),
       (9,'Interna',6);
   insert into PortaFinestra(CodPortaFinestra,PuntoCardinale,Ubicazione)
   values (1,'N',1),
	   (2,'NW',1),
       (3,'S',2),
       (4,'W',3),
       (5,'SW',4),
       (6,'SW',5),
       (7,'N',5),
       (8,'NW',6),
       (9,'SW',6);
   insert into RegolazioneLuce(Luce,Nickname,Inizio,Intensit,TempColore,ConsumoLuce)
   values (1,'MarcoS','2022-03-11 09:33:00',50,3,100),(1,'MarcoS','2022-03-21 09:43:00',40,3,58),(1,'MarcoS','2022-01-11 09:33:00',23,2,44),(2,'MartaF','2022-04-01 09:33:40',39,2,36),
   (2,'MartaF','2022-03-21 09:43:07',45,5,22),(2,'MartaF','2022-02-09 19:33:40',60,3,34),(3,'MartaF','2022-03-27 11:30:00',45,3,46),(4,'MartaF','2022-03-11 09:33:00',35,1,34),
   (4,'GiuliaS','2022-02-03 17:30:00',38,2,89),(5,'GiuliaS','2022-01-11 09:33:50',23,5,66),(5,'PietroS','2022-03-30 17:33:10',21,6,79),(6,'PietroS','2022-03-26 12:13:09',34,8,43),
   (3,'PatrizioS','2022-02-15 19:37:40',43,4,39),(6,'PatrizioS','2022-03-12 16:43:20',28,5,36),(6,'PatrizioS','2022-03-25 18:33:30',27,4,68),
   (3,'PatrizioS','2022-05-21 09:37:09',39,4,71),(3,'PatrizioS','2022-03-11 14:53:40',36,4,41);
   insert into Luce(CodLuce,Nome,Ubicazione)
   values (1, 'Lampada da comodino', 1),
		(2, 'Lampada da comodino', 2),
        (3, 'Lampada da scrivania', 2),
        (4, 'Lampada', 3),
        (5, 'Lampada', 4),
        (6, 'Lampadario', 5);
   insert into EfficienzaEnergetica(Tempo,Ubicazione,TemperaturaIN,TemperaturaOUT,EnergiaNecessaria)
   values ('2022-03-01 09:00:00',1,23,33,5),('2022-03-01 09:15:00',1,24,33,2),
	('2022-03-01 09:30:00',2,23,30,4),('2022-03-01 09:45:00',4,28,33,4),
    ('2022-03-01 10:00:00',1,23,24,1),('2022-03-01 10:15:00',1,23,33,5),
    ('2022-03-01 10:30:00',4,28,33,4),('2022-03-01 10:45:00',2,23,30,4),
    ('2022-03-01 11:00:00',4,28,33,4),('2022-03-01 11:15:00',4,28,33,4),
	('2022-03-01 11:30:00',2,23,30,4),('2022-03-01 11:45:00',6,22,24,1),
    ('2022-03-01 12:00:00',6,22,24,1),('2022-03-01 12:15:00',2,23,30,4),
    ('2022-03-01 12:30:00',4,28,33,4),('2022-03-01 12:45:00',6,22,24,1),
    ('2022-03-01 13:00:00',6,22,24,1),('2022-03-01 13:15:00',2,23,30,4),
	('2022-03-01 13:30:00',2,23,30,4),('2022-03-01 13:45:00',6,22,24,1),
    ('2022-03-01 14:00:00',6,22,24,1),('2022-03-01 14:15:00',2,23,30,4),
    ('2022-03-01 14:30:00',6,22,24,1),('2022-03-01 14:45:00',2,23,30,4),
    ('2022-03-01 15:00:00',1,23,33,5),('2022-03-01 15:15:00',5,24,29,3),
	('2022-03-01 15:30:00',4,28,33,4),('2022-03-01 15:45:00',4,28,33,4),
    ('2022-03-01 16:00:00',4,28,33,4),('2022-03-01 16:15:00',1,23,33,5),
    ('2022-03-01 16:30:00',4,28,33,4),('2022-03-01 16:45:00',4,28,33,4),
    ('2022-03-01 17:00:00',4,28,33,4),('2022-03-01 17:15:00',2,23,30,4),
    ('2022-03-01 17:30:00',1,23,33,5),('2022-03-01 17:45:00',4,28,33,4),
    ('2022-03-01 18:00:00',4,28,33,4),('2022-03-01 18:15:00',1,23,33,5),
    
    ('2022-03-02 09:00:00',5,24,29,3),('2022-03-02 09:15:00',5,24,29,3),
	('2022-03-02 09:30:00',5,24,29,3),('2022-03-02 09:45:00',5,24,29,3),
    ('2022-03-02 10:00:00',5,24,29,3),('2022-03-02 10:15:00',5,24,29,3),
    ('2022-03-02 10:30:00',5,24,29,3),('2022-03-02 10:45:00',5,24,29,3),
    ('2022-03-02 11:00:00',6,22,24,1),('2022-03-02 11:15:00',6,22,24,1),
	('2022-03-02 11:30:00',6,22,24,1),('2022-03-02 11:45:00',6,22,24,1),
    ('2022-03-02 12:00:00',6,22,24,1),('2022-03-02 12:15:00',6,22,24,1),
    ('2022-03-02 12:30:00',6,22,24,1),('2022-03-02 12:45:00',6,22,24,1),
    ('2022-03-02 13:00:00',7,19,23,5),('2022-03-02 13:15:00',7,19,23,5),
	('2022-03-02 13:30:00',6,22,24,1),('2022-03-02 13:45:00',6,22,24,1),
    ('2022-03-02 14:00:00',6,22,24,1),('2022-03-02 14:15:00',6,22,24,1),
    ('2022-03-02 14:30:00',6,22,24,1),('2022-03-02 14:45:00',7,19,23,5),
    ('2022-03-02 15:00:00',7,19,23,5),('2022-03-02 15:15:00',7,19,23,5),
	('2022-03-02 15:30:00',7,19,23,5),('2022-03-02 15:45:00',7,19,23,5),
    ('2022-03-02 16:00:00',7,19,23,5),('2022-03-02 16:15:00',7,19,23,5),
    ('2022-03-02 16:30:00',1,23,33,5),('2022-03-02 16:45:00',5,24,29,3),
    ('2022-03-02 17:00:00',5,24,29,3),('2022-03-02 17:15:00',2,23,30,4),
    ('2022-03-02 17:30:00',2,23,30,4),('2022-03-02 17:45:00',5,24,29,3),
    ('2022-03-02 18:00:00',5,24,29,3),('2022-03-02 18:15:00',5,24,29,3),
    
    ('2022-03-13 09:15:00',1,23,33,5),('2022-03-03 09:30:00',1,23,33,5),('2022-03-13 09:45:00',1,23,33,5),
    ('2022-03-03 10:00:00',1,23,33,5),('2022-03-13 10:45:00',1,23,33,5),('2022-03-13 11:15:00',2,23,30,4);
    
   insert into Climatizzatore(CodClimatizzatore,Tipologia,PotenzaMedia,Ubicazione)
   values (1,'Climatizzatore a parete',630,1),(2,'Climatizzatore a parete',480,2),(3,'Climatizzatore a pavimento',350,4),
   (4,'Climatizzatore a pavimento',530,6),(5,'Climatizzatori a cassetta',670,3),(6,'Climatizzatori a cassetta',700,5);
   
   insert into ImpostazioneClima(Climatizzatore,Nickname,Inizio,Temperatura,Umidit,ConsumoClima)
   values (1,'PietroS','2022-03-01 09:07:00',23,22,120),(1,'MartaF','2022-03-02 10:45:30',25,22,100),
   (1,'MartaF','2022-03-02 09:30:05',23,21,97),(2,'PatrizioS','2022-02-01 12:20:15',26,25,102),
   (2,'PatrizioS','2022-02-10 18:27:40',24,20,92),(3,'PietroS','2022-03-15 17:35:46',25,21,86),
   (3,'PietroS','2022-02-11 09:10:00',24,20,67),(4,'MartaF','2022-03-16 09:41:27',19,21,87),
   (4,'MartaF','2022-02-23 19:39:00',20,24,69),(5,'MartaF','2022-02-11 15:35:28',24,19,94),
   (5,'PietroS','2022-03-11 19:34:50',25,19,93),(4,'PietroS','2022-02-28 11:32:40',19,21,87),(3,'PietroS','2022-03-11 12:50:00',23,21,91),
	(2,'PietroS','2022-02-28 11:19:45',26,25,57),(3,'PietroS','2022-02-18 10:35:40',19,21,76),
	(4,'PietroS','2022-01-28 17:30:55',23,21,87),(4,'PietroS','2022-03-12 12:17:15',23,21,44),
	(5,'PietroS','2022-01-28 09:55:59',19,21,37),(2,'MartaF','2022-03-01 10:32:28',23,21,76),(3,'MartaF','2022-03-01 12:33:47',23,22,65),
	(1,'MartaF','2022-03-11 12:33:40',23,22,88),(3,'MartaF','2022-03-03 12:09:45',19,21,54),
(2,'GiuliaS','2022-02-11 10:52:26',19,21,82),(2,'GiuliaS','2022-02-21 13:27:56',19,21,63),
(5,'GiuliaS','2022-02-21 12:28:23',19,21,48),(3,'GiuliaS','2022-02-25 16:46:47',26,25,73);

   insert into Ricorsione(CodRicorsione,Frequenza,DataInizioRicorsione,OraInizioRicorsione,Climatizzatore,Nickname,Inizio)
   values (1,3,'2022-06-02','19:56:37',2,'GiuliaS','2022-06-01 19:27:39'),(2,2,'2022-06-11','19:46:37',2,'GiuliaS','2022-06-10 19:47:39'),
   (3,5,'2022-07-05',' 16:35:43',3,'MartaF','2022-07-03 19:27:35'),(4,2,'2022-07-22',' 20:37:48',4,'MartaF', '2022-07-21 20:35:48'),(5,5,'2022-05-01',' 20:35:48',5,'PatrizioS','2022-05-21 19:47:39'),
    (6,1,'2022-05-13',' 20:57:48',2,'PietroS', '2022-05-01 20:35:48'),(7,2,'2022-05-13',' 20:57:48',1,'MarcoS', '2022-05-01 20:35:48');
